league,name,total_slots,evaluated_slots,mature_slots,total_matches,avg_hit,confidence
arg-primera,Argentine Primera División,73,54,1,70,100.0,0.01
egy-premier-league,Egyptian Premier League,71,13,3,23,83.3,0.04
bra-serie-b,Campeonato Brasileiro Série B,73,66,38,171,74.5,0.52
esp-la-liga-2,La Liga 2,72,55,15,110,74.1,0.21
usa-usl,USL Championship,67,44,10,86,67.8,0.15
mex-expansion,Liga de Expansión MX,66,49,10,87,60.0,0.15
arg-primera-nacional,Primera Nacional,73,55,18,113,58.6,0.25
usa-usl-league-one,USL League One,65,45,23,110,55.3,0.35
eng-national-league,National League,64,48,30,127,54.9,0.47
par-primera,Primera División,67,59,10,104,54.4,0.15
uru-primera,Primera División,69,50,18,109,54.0,0.26
ned-eerste-divisie,Eerste Divisie,70,49,6,84,46.3,0.09
mex-liga-mx,Liga MX,69,38,2,59,44.4,0.03
sco-championship,Scottish Championship,67,38,4,56,44.4,0.06
ukr-persha,Ukrainian First League,54,11,1,15,44.4,0.02
col-primera,Categoría Primera A,69,55,24,125,43.5,0.35
arg-primera-b-metropolitana,Primera B Metropolitana,67,49,10,89,43.3,0.15
kor-k-league,K League 1,70,38,35,152,41.9,0.5
eng-league-two,English League Two,65,34,3,50,33.3,0.05
slv-primera,Salvadoran Primera División,69,57,30,145,22.2,0.43
gua-liga-nacional,Liga Nacional de Guatemala,62,40,12,87,7.1,0.19
aut-bundesliga,Austrian Bundesliga,69,16,0,16,,0.0
bel-pro-league,Belgian Pro League,70,15,0,15,,0.0
bol-liga-1,Liga Profesional Boliviana,69,7,0,7,,0.0
bra-serie-a,Campeonato Brasileiro Série A,70,2,0,2,,0.0
bul-second-league,Second Professional Football League,54,4,0,4,,0.0
chi-primera-b,Primera B de Chile,61,9,0,9,,0.0
chn-league-one,Chinese League One,53,3,0,3,,0.0
crc-primera,Costa Rican Primera División,67,8,0,9,,0.0
cro-first-league,First Football League,36,10,0,14,,0.0
cro-hnl,HNL,70,11,0,11,,0.0
cze-first-league,Czech First League,65,1,0,1,,0.0
den-superliga,Danish Superliga,69,17,0,17,,0.0
ecu-liga-pro,LigaPro,66,2,0,2,,0.0
eng-championship,EFL Championship,72,9,0,9,,0.0
eng-league-one,English League One,63,23,0,30,,0.0
eng-premier-league,English Premier League,77,4,0,4,,0.0
esp-la-liga,La Liga,76,11,0,11,,0.0
esp-primera-rfef,Primera Federación,57,3,0,3,,0.0
fin-veikkausliiga,Veikkausliiga,63,1,0,1,,0.0
fra-ligue-1,Ligue 1,73,7,0,7,,0.0
fra-ligue-2,Ligue 2,72,13,0,13,,0.0
ger-2-bundesliga,2. Bundesliga,72,16,0,16,,0.0
ger-bundesliga,Bundesliga,74,14,0,18,,0.0
gre-super-league,Greek Super League,72,14,0,15,,0.0
gua-primera-ascenso,Primera División de Ascenso,36,4,0,4,,0.0
hon-liga-ascenso,Liga de Ascenso,36,6,0,6,,0.0
hon-liga-nacional,Liga Nacional de Honduras,64,10,0,10,,0.0
ita-serie-a,Serie A,78,6,0,6,,0.0
ita-serie-b,Serie B,74,16,0,16,,0.0
jpn-j1-league,J1 League,73,17,0,17,,0.0
jpn-j2-league,J2 League,57,13,0,13,,0.0
lux-division-of-honour,Luxembourg Division of Honour,54,21,0,21,,0.0
mne-second-league,Montenegrin Second League,48,5,0,5,,0.0
ned-eredivisie,Eredivisie,73,9,0,9,,0.0
nir-premiership,NIFL Premiership,48,8,0,16,,0.0
nor-eliteserien,Eliteserien,69,17,0,17,,0.0
nzl-national-league,New Zealand National League,68,35,0,68,,0.0
par-intermedia,División Intermedia,39,4,0,5,,0.0
per-liga-1,Liga 1,69,15,0,15,,0.0
por-primeira-liga,Primeira Liga,71,9,0,9,,0.0
por-segunda-liga,Liga Portugal 2,60,1,0,2,,0.0
qat-stars-league,Qatar Stars League,66,1,0,1,,0.0
rou-liga-2,Liga II,54,5,0,5,,0.0
rsa-premiership,Premier Soccer League,69,11,0,14,,0.0
rus-premier-league,Russian Premier League,65,1,0,1,,0.0
sco-league-one,Scottish League One,27,1,0,1,,0.0
sco-premiership,Scottish Premiership,69,17,0,18,,0.0
srp-first-league,Serbian First League,54,3,0,3,,0.0
sui-challenge-league,Swiss Challenge League,57,2,0,2,,0.0
sui-super-league,Swiss Super League,66,2,0,2,,0.0
svn-prvaliga,Slovenian PrvaLiga,61,21,0,21,,0.0
swe-allsvenskan,Allsvenskan,69,17,0,17,,0.0
tur-super-lig,Süper Lig,70,16,0,16,,0.0
uae-pro-league,UAE Pro League,67,3,0,3,,0.0
uru-segunda,Segunda División Profesional,39,2,0,2,,0.0
usa-mls,Major League Soccer,77,41,0,63,,0.0
ven-liga-futve,Liga FUTVE,69,17,0,21,,0.0
ven-segunda,Segunda División,39,2,0,2,,0.0
wal-cymru-premier,Cymru Premier,67,2,0,3,,0.0
