snapshot_date,league,country,sport,rank1,score1,reliability1,team1,rank2,score2,reliability2,team2,rank3,score3,reliability3,team3,data_status
2026-10-10,Kategoria Superiore,Albania,football,1,89.26,🟢 Elite,Teuta,2,79.71,🟡 Reliable,Egnatia,3,78.83,🟡 Reliable,Dinamo City,ok
2026-10-10,Algerian Ligue Professionnelle 1,Algeria,football,,,⚪ DATA-LOW,DATA-LOW,,,⚪ DATA-LOW,DATA-LOW,,,⚪ DATA-LOW,DATA-LOW,DATA-LOW
2026-10-10,Argentine Primera División,Argentina,football,1,78.59,🟡 Reliable,Instituto (Córdoba),2,77.44,🟡 Reliable,Boca Juniors,3,73.38,🟡 Reliable,Defensa y Justicia,ok
2026-10-10,Primera B Metropolitana,Argentina,football,1,78.72,🟡 Reliable,Excursionistas,2,70.11,🟡 Reliable,Arsenal Sarandi,3,67.5,🟡 Reliable,Sportivo Italiano,ok
2026-10-10,Primera Nacional,Argentina,football,1,75.28,🟡 Reliable,Godoy Cruz Antonio Tomba,2,72.83,🟡 Reliable,Atlanta,3,70.45,🟡 Reliable,Deportivo Morón,ok
2026-10-10,Armenian Premier League,Armenia,football,1,97.68,🟢 Elite,Noah,2,81.62,🟢 Elite,Ararat-Armenia,3,76.82,🟡 Reliable,Pyunik,ok
2026-10-10,A-League Men,Australia,football,1,80.11,🟡 Reliable,Sydney FC,2,74.64,🟡 Reliable,Adelaide United,3,69.45,🟡 Reliable,Melbourne City,ok
2026-10-10,2. Liga,Austria,football,1,85.93,🟢 Elite,FC Blau-Weiß Linz,2,81.5,🟢 Elite,First Vienna FC 1894,3,80.98,🟢 Elite,FAC Wien,ok
2026-10-10,Austrian Bundesliga,Austria,football,1,87.1,🟢 Elite,Rapid Vienna,2,84.96,🟢 Elite,RB Salzburg,3,75.82,🟡 Reliable,LASK Linz,ok
2026-10-10,Azerbaijan Premier League,Azerbaijan,football,1,91.3,🟢 Elite,Sabah,2,83.09,🟢 Elite,Qarabağ,3,82.84,🟡 Reliable,Neftçi,ok
2026-10-10,Challenger Pro League,Belgium,football,1,87.7,🟢 Elite,Dender EH,2,85.01,🟢 Elite,Beerschot,3,83.78,🟢 Elite,Eupen,ok
2026-10-10,Belgian Pro League,Belgium,football,1,94.95,🟢 Elite,Union St.-Gilloise,2,88.09,🟢 Elite,KAA Gent,3,83.64,🟢 Elite,Club Brugge,ok
2026-10-10,Premier League of Bosnia and Herzegovina,Bosnia and Herzegovina,football,1,92.5,🟢 Elite,Zrinjski Mostar,2,77.22,🟡 Reliable,Borac Banja Luka,3,64.49,🟠 Form-dependent,Željezničar,ok
2026-10-10,Belarusian Premier League,Belarus,football,1,78.52,🟡 Reliable,Dinamo Minsk,2,77.99,🟡 Reliable,Isloch Minsk Raion,3,75.58,🟡 Reliable,Maxline Vitebsk,ok
2026-10-10,Liga Profesional Boliviana,Bolivia,football,1,87.09,🟢 Elite,Bolívar,2,82.5,🟢 Elite,The Strongest,3,81.55,🟢 Elite,Always Ready,ok
2026-10-10,Campeonato Brasileiro Série A,Brazil,football,1,80.96,🟢 Elite,Palmeiras,2,71.37,🟡 Reliable,Flamengo,3,69.81,🟡 Reliable,Athletico Paranaense,ok
2026-10-10,Campeonato Brasileiro Série B,Brazil,football,1,71.43,🟡 Reliable,Juventude,2,70.71,🟡 Reliable,Vila Nova,3,66.71,🟡 Reliable,Novorizontino,ok
2026-10-10,First Professional Football League,Bulgaria,football,1,94.97,🟢 Elite,Levski Sofia,2,90.33,🟢 Elite,CSKA Sofia,3,79.9,🟡 Reliable,Ludogorets,ok
2026-10-10,Second Professional Football League,Bulgaria,football,1,75.3,🟡 Reliable,Chernomorets Burgas,2,72.81,🟡 Reliable,Vihren,3,70.37,🟡 Reliable,CSKA Sofia II,ok
2026-10-10,Canadian Premier League,Canada,football,1,85.07,🟢 Elite,Cavalry FC,2,83.0,🟢 Elite,Forge FC,3,56.87,🟠 Form-dependent,Atlético Ottawa,ok
2026-10-10,Chilean Primera División,Chile,football,1,78.12,🟡 Reliable,Colo Colo,2,75.45,🟡 Reliable,Universidad Católica,3,68.14,🟡 Reliable,Universidad de Chile,ok
2026-10-10,Primera B de Chile,Chile,football,1,70.9,🟡 Reliable,Deportes Antofagasta,2,69.01,🟡 Reliable,San Luis,3,66.5,🟡 Reliable,Santiago Wanderers,ok
2026-10-10,Chinese Super League,China,football,1,81.0,🟢 Elite,BEIJING GUOAN,2,69.98,🟡 Reliable,Chengdu Rongcheng,3,63.1,🟠 Form-dependent,Yunnan Yukun,ok
2026-10-10,Chinese League One,China,football,1,84.13,🟢 Elite,Guangdong GZ-Power,2,65.78,🟡 Reliable,Yanbian Longding,3,65.55,🟡 Reliable,Guangxi Hengchen,ok
2026-10-10,Categoría Primera A,Colombia,football,1,83.59,🟢 Elite,Deportivo Cali,2,79.3,🟡 Reliable,América de Cali,3,78.11,🟡 Reliable,Atlético Bucaramanga,ok
2026-10-10,Categoría Primera B,Colombia,football,1,81.16,🟢 Elite,Real Cundinamarca,2,75.6,🟡 Reliable,Real Cartagena,3,62.23,🟠 Form-dependent,Tigres FC,ok
2026-10-10,Costa Rican Primera División,Costa Rica,football,1,77.59,🟡 Reliable,Saprissa,2,75.65,🟡 Reliable,Sporting San José,3,69.34,🟡 Reliable,Cartaginés,ok
2026-10-10,First Football League,Croatia,football,1,80.93,🟢 Elite,Jadran Luka Ploče,2,67.86,🟡 Reliable,Cibalia,3,67.28,🟡 Reliable,BSK Bijelo Brdo,ok
2026-10-10,HNL,Croatia,football,1,78.99,🟡 Reliable,HNK Hajduk Split,2,75.44,🟡 Reliable,GNK Dinamo Zagreb,3,66.36,🟡 Reliable,HNK Rijeka,ok
2026-10-10,Cypriot First Division,Cyprus,football,1,87.89,🟢 Elite,Omonia Nicosia,2,68.89,🟡 Reliable,AEK Larnaca,3,67.89,🟡 Reliable,Apollon Limassol,ok
2026-10-10,Czech First League,Czech Republic,football,1,93.13,🟢 Elite,Slavia Prague,2,76.42,🟡 Reliable,Slovan Liberec,3,75.62,🟡 Reliable,Mladá Boleslav,ok
2026-10-10,Czech National Football League,Czech Republic,football,1,82.0,🟢 Elite,Karviná,2,76.16,🟡 Reliable,Ústí nad Labem,3,73.42,🟡 Reliable,Dukla Prague,ok
2026-10-10,Danish 1st Division,Denmark,football,1,86.29,🟢 Elite,Hvidovre,2,81.0,🟢 Elite,Vejle,3,60.54,🟠 Form-dependent,Aarhus Fremad,ok
2026-10-10,Danish Superliga,Denmark,football,1,93.67,🟢 Elite,F.C. København,2,72.89,🟡 Reliable,FC Midtjylland,3,67.78,🟡 Reliable,Viborg FF,ok
2026-10-10,LigaPro,Ecuador,football,1,85.28,🟢 Elite,Independiente del Valle,2,74.16,🟡 Reliable,Universidad Católica,3,65.91,🟡 Reliable,Macará,ok
2026-10-10,LigaPro Serie B,Ecuador,football,1,71.73,🟡 Reliable,Vinotinto FC,2,68.29,🟡 Reliable,Atlético Rojiblanco,3,63.73,🟠 Form-dependent,9 de Octubre,ok
2026-10-10,Egyptian Premier League,Egypt,football,1,93.44,🟢 Elite,Pyramids,2,87.57,🟢 Elite,Zamalek,3,70.44,🟡 Reliable,Al Ahly,ok
2026-10-10,EFL Championship,England,football,1,77.04,🟡 Reliable,Swansea City,2,75.92,🟡 Reliable,West Ham United,3,72.06,🟡 Reliable,Wolverhampton Wanderers,ok
2026-10-10,English League One,England,football,1,78.55,🟡 Reliable,Bradford City,2,74.0,🟡 Reliable,Plymouth Argyle,3,70.91,🟡 Reliable,Sheffield Wednesday,ok
2026-10-10,English League Two,England,football,1,77.49,🟡 Reliable,Salford City,2,74.22,🟡 Reliable,Barnet,3,63.92,🟠 Form-dependent,Cheltenham Town,ok
2026-10-10,National League,England,football,1,93.67,🟢 Elite,Boreham Wood,2,73.48,🟡 Reliable,Harrogate Town,3,73.41,🟡 Reliable,Southend United,ok
2026-10-10,English Premier League,England,football,1,97.14,🟢 Elite,Manchester City,2,76.17,🟡 Reliable,Arsenal,3,74.46,🟡 Reliable,Brighton & Hove Albion,ok
2026-10-10,La Liga,Spain,football,1,93.11,🟢 Elite,Barcelona,2,81.83,🟢 Elite,Atlético Madrid,3,70.54,🟡 Reliable,Real Betis,ok
2026-10-10,La Liga 2,Spain,football,1,92.66,🟢 Elite,Eibar,2,86.5,🟢 Elite,Castellón,3,85.37,🟢 Elite,Almería,ok
2026-10-10,Primera Federación,Spain,football,1,93.04,🟢 Elite,UD Logroñés,2,87.67,🟢 Elite,Lugo,3,74.01,🟡 Reliable,Racing Ferrol,ok
2026-10-10,Esiliiga,Estonia,football,1,80.48,🟢 Elite,Welco,2,66.62,🟡 Reliable,Viimsi,3,62.39,🟠 Form-dependent,Flora U21,ok
2026-10-10,Meistriliiga,Estonia,football,1,88.74,🟢 Elite,FCI Levadia,2,75.88,🟡 Reliable,Flora,3,64.93,🟠 Form-dependent,Paide Linnameeskond,ok
2026-10-10,Ethiopian Premier League,Ethiopia,football,1,80.92,🟢 Elite,Negelle Arsi,2,77.86,🟡 Reliable,Sidama Bunna FC,3,53.71,🟠 Form-dependent,Ethiopia Electricity,ok
2026-10-10,1. deild,Faroe Islands,football,1,80.33,🟡 Reliable,B71 Sandoy,2,79.75,🟡 Reliable,Víkingur Gøta II,3,70.99,🟡 Reliable,FC Suduroy,ok
2026-10-10,Betri deildin,Faroe Islands,football,1,79.32,🟡 Reliable,NSÍ Runavík,2,71.42,🟡 Reliable,Klaksvíkar Ítróttarfelag,3,70.81,🟡 Reliable,HB Tórshavn,ok
2026-10-10,Veikkausliiga,Finland,football,1,71.7,🟡 Reliable,HJK,2,69.59,🟡 Reliable,KuPS,3,68.31,🟡 Reliable,Inter Turku,ok
2026-10-10,Ykkösliiga,Finland,football,1,78.83,🟡 Reliable,KTP,2,68.76,🟡 Reliable,Haka,3,67.06,🟡 Reliable,PK-35,ok
2026-10-10,Ligue 1,France,football,1,88.33,🟢 Elite,AS Monaco,2,76.44,🟡 Reliable,Lille,3,73.99,🟡 Reliable,Lyon,ok
2026-10-10,Ligue 2,France,football,1,80.25,🟡 Reliable,Saint-Étienne,2,72.03,🟡 Reliable,Stade de Reims,3,71.77,🟡 Reliable,Red Star FC 93,ok
2026-10-10,Erovnuli Liga,Georgia,football,1,72.85,🟡 Reliable,Dinamo Batumi,2,68.84,🟡 Reliable,Dinamo Tbilisi,3,60.99,🟠 Form-dependent,Iberia 1999,ok
2026-10-10,Erovnuli Liga 2,Georgia,football,1,71.36,🟡 Reliable,SFC Shturmi,2,65.39,🟡 Reliable,FC Samtredia,3,64.94,🟠 Form-dependent,Gareji,ok
2026-10-10,2. Bundesliga,Germany,football,1,97.24,🟢 Elite,Hertha Berlin,2,88.29,🟢 Elite,1. FC Nürnberg,3,73.2,🟡 Reliable,1. FC Heidenheim 1846,ok
2026-10-10,3. Liga,Germany,football,1,87.19,🟢 Elite,MSV Duisburg,2,80.38,🟢 Elite,Viktoria Köln,3,68.76,🟡 Reliable,Rot-Weiss Essen,ok
2026-10-10,Bundesliga,Germany,football,1,92.67,🟢 Elite,Borussia Dortmund,2,86.02,🟢 Elite,Bayern Munich,3,81.88,🟢 Elite,SC Freiburg,ok
2026-10-10,Ghana Premier League,Ghana,football,1,71.93,🟡 Reliable,Medeama,2,70.45,🟡 Reliable,Dreams F.C.,3,68.83,🟡 Reliable,Bibiani Gold Stars,ok
2026-10-10,Greek Super League,Greece,football,1,97.68,🟢 Elite,Panathinaikos,2,82.1,🟢 Elite,PAOK,3,74.2,🟡 Reliable,OFI Crete,ok
2026-10-10,Liga Nacional de Guatemala,Guatemala,football,1,81.47,🟢 Elite,CD Guastatoya,2,74.03,🟡 Reliable,Municipal,3,62.19,🟠 Form-dependent,Marquense,ok
2026-10-10,Primera División de Ascenso,Guatemala,football,1,69.45,🟡 Reliable,Aguacatán FC,2,65.71,🟡 Reliable,Huehuetecos FC,3,62.39,🟠 Form-dependent,FC Santa Lucía Cotzumalguapa,ok
2026-10-10,Hong Kong Premier League,Hong Kong,football,1,96.88,🟢 Elite,Lee Man,2,88.82,🟢 Elite,North District,3,79.67,🟡 Reliable,Kitchee,ok
2026-10-10,Liga de Ascenso,Honduras,football,1,97.22,🟢 Elite,CD Hondupino,2,74.92,🟡 Reliable,CD Fas San Lorenzo,3,71.08,🟡 Reliable,Arsenal SAO,ok
2026-10-10,Liga Nacional de Honduras,Honduras,football,1,80.26,🟢 Elite,Real España,2,72.62,🟡 Reliable,Club Deportivo Marathón,3,72.01,🟡 Reliable,Club Deportivo Olimpia,ok
2026-10-10,NB I,Hungary,football,1,77.91,🟡 Reliable,ETO Győr,2,66.7,🟡 Reliable,Vasas,3,65.36,🟡 Reliable,Újpest,ok
2026-10-10,Indonesian Super League,Indonesia,football,1,85.99,🟢 Elite,Borneo FC,2,84.0,🟢 Elite,Persib,3,77.89,🟡 Reliable,Persija,ok
2026-10-10,I-League,India,football,1,75.17,🟡 Reliable,Shillong Lajong FC,2,70.73,🟡 Reliable,Diamond Harbour FC,3,69.44,🟡 Reliable,Sreenidi Deccan FC,ok
2026-10-10,Indian Super League,India,football,,,⚪ DATA-LOW,DATA-LOW,,,⚪ DATA-LOW,DATA-LOW,,,⚪ DATA-LOW,DATA-LOW,DATA-LOW
2026-10-10,League of Ireland First Division,Ireland,football,1,82.01,🟢 Elite,Cork City,2,71.7,🟡 Reliable,UCD,3,61.93,🟠 Form-dependent,Bray Wanderers,ok
2026-10-10,League of Ireland Premier Division,Ireland,football,1,76.47,🟡 Reliable,Shamrock Rovers,2,69.44,🟡 Reliable,St Patrick's Athletic,3,62.24,🟠 Form-dependent,Bohemians,ok
2026-10-10,Persian Gulf Pro League,Iran,football,1,84.03,🟢 Elite,Tractor,2,80.81,🟢 Elite,Persepolis,3,75.93,🟡 Reliable,Esteghlal,ok
2026-10-10,Iraq Stars League,Iraq,football,1,86.32,🟢 Elite,Al-Karma,2,74.92,🟡 Reliable,Erbil,3,71.34,🟡 Reliable,Al-Zawraa,ok
2026-10-10,Besta deild karla,Iceland,football,1,88.2,🟢 Elite,Víkingur Reykjavík,2,72.15,🟡 Reliable,KR,3,71.18,🟡 Reliable,Fram,ok
2026-10-10,Liga Leumit,Israel,football,1,89.72,🟢 Elite,Bnei Yehuda,2,87.29,🟢 Elite,F.C. Ashdod,3,78.91,🟡 Reliable,Hapoel Rishon LeZion,ok
2026-10-10,Ligat ha'Al,Israel,football,1,85.41,🟢 Elite,Maccabi Tel-Aviv,2,81.96,🟢 Elite,Hapoel Be'er,3,79.52,🟡 Reliable,Maccabi Haifa,ok
2026-10-10,Serie A,Italy,football,1,90.01,🟢 Elite,AS Roma,2,86.96,🟢 Elite,Internazionale,3,86.93,🟢 Elite,Cagliari,ok
2026-10-10,Serie B,Italy,football,1,85.87,🟢 Elite,Palermo,2,78.74,🟡 Reliable,Sudtirol,3,71.48,🟡 Reliable,Mantova,ok
2026-10-10,Serie C,Italy,football,1,89.97,🟢 Elite,Cittadella,2,79.45,🟡 Reliable,Union Brescia,3,75.66,🟡 Reliable,Ospitaletto,ok
2026-10-10,Jordanian Pro League,Jordan,football,,,⚪ DATA-LOW,DATA-LOW,,,⚪ DATA-LOW,DATA-LOW,3,58.09,🟠 Form-dependent,Al-Jazeera,ok
2026-10-10,J1 League,Japan,football,1,81.94,🟢 Elite,Vissel Kobe,2,76.79,🟡 Reliable,FC Tokyo,3,76.46,🟡 Reliable,Kashiwa Reysol,ok
2026-10-10,J2 League,Japan,football,1,80.09,🟢 Elite,Vegalta Sendai,2,74.47,🟡 Reliable,Yokohama FC,3,71.65,🟡 Reliable,Albirex Niigata,ok
2026-10-10,J3 League,Japan,football,1,91.27,🟢 Elite,Kagoshima United,2,73.41,🟡 Reliable,Ehime,3,73.16,🟡 Reliable,Renofa Yamaguchi,ok
2026-10-10,Kazakhstan Premier League,Kazakhstan,football,1,89.3,🟢 Elite,Ordabasy,2,69.04,🟡 Reliable,Kairat,3,61.55,🟠 Form-dependent,Astana,ok
2026-10-10,Kenyan Premier League,Kenya,football,1,72.65,🟡 Reliable,Gor Mahia,2,70.62,🟡 Reliable,AFC Leopards,3,61.99,🟠 Form-dependent,Kenya Police,ok
2026-10-10,K League 1,South Korea,football,1,63.63,🟠 Form-dependent,FC Seoul,2,60.52,🟠 Form-dependent,Gangwon FC,3,56.43,🟠 Form-dependent,Jeonbuk Hyundai Motors,ok
2026-10-10,K League 2,South Korea,football,1,78.63,🟡 Reliable,Suwon Samsung Bluewings,2,75.37,🟡 Reliable,Suwon FC,3,61.37,🟠 Form-dependent,Seoul E-Land,ok
2026-10-10,Football Superleague of Kosovo,Kosovo,football,1,96.4,🟢 Elite,Prishtina,2,85.49,🟢 Elite,Malisheva,3,64.5,🟠 Form-dependent,Dukagjini,ok
2026-10-10,Kuwait Premier League,Kuwait,football,1,86.03,🟢 Elite,Kuwait,2,80.91,🟢 Elite,Kazma,,,⚪ DATA-LOW,DATA-LOW,ok
2026-10-10,Lebanese Premier League,Lebanon,football,,,⚪ DATA-LOW,DATA-LOW,,,⚪ DATA-LOW,DATA-LOW,,,⚪ DATA-LOW,DATA-LOW,DATA-LOW
2026-10-10,Pirma Lyga,Lithuania,football,1,92.33,🟢 Elite,FK Minija Kretinga,2,84.94,🟢 Elite,FK Babrungas Plungė,3,83.9,🟢 Elite,BE1 NFA,ok
2026-10-10,TOPLYGA,Lithuania,football,1,74.72,🟡 Reliable,Kauno Žalgiris,2,61.8,🟠 Form-dependent,Sūduva,3,61.25,🟠 Form-dependent,Transinvest,ok
2026-10-10,Luxembourg Division of Honour,Luxembourg,football,1,76.36,🟡 Reliable,Rodange 91,2,74.24,🟡 Reliable,Fola Esch,3,69.24,🟡 Reliable,Lorentzweiler,ok
2026-10-10,Luxembourg National Division,Luxembourg,football,1,97.53,🟢 Elite,UNA Strassen,2,85.5,🟢 Elite,Differdange 03,3,76.79,🟡 Reliable,Racing Union,ok
2026-10-10,Latvian Higher League,Latvia,football,1,87.66,🟢 Elite,Riga,2,85.82,🟢 Elite,RFS,3,63.74,🟠 Form-dependent,Auda,ok
2026-10-10,Botola Pro,Morocco,football,1,76.74,🟡 Reliable,Raja Casablanca,2,75.91,🟡 Reliable,Wydad Casablanca,3,67.1,🟡 Reliable,RS Berkane,ok
2026-10-10,Moldovan Liga 1,Moldova,football,1,84.14,🟢 Elite,Vulturii Cutezători,2,78.84,🟡 Reliable,Iskra Rîbnița,3,58.13,🟠 Form-dependent,FCM Ungheni,ok
2026-10-10,Liga de Expansión MX,Mexico,football,1,75.44,🟡 Reliable,Leones Negros,2,73.91,🟡 Reliable,Club Atlético La Paz,3,68.94,🟡 Reliable,Club Atlético Morelia,ok
2026-10-10,Liga MX,Mexico,football,1,78.32,🟡 Reliable,América,2,69.1,🟡 Reliable,Toluca,3,67.83,🟡 Reliable,Querétaro,ok
2026-10-10,Macedonian First Football League,North Macedonia,football,1,80.07,🟢 Elite,Struga,2,77.2,🟡 Reliable,Shkëndija,3,70.0,🟡 Reliable,Vardar,ok
2026-10-10,Macedonian Second Football League,North Macedonia,football,1,84.8,🟢 Elite,Ohrid,2,83.02,🟢 Elite,Brera,3,80.59,🟢 Elite,Pelister,ok
2026-10-10,Maltese Premier League,Malta,football,1,77.8,🟡 Reliable,Hamrun Spartans,2,75.69,🟡 Reliable,Marsaxlokk FC,3,73.84,🟡 Reliable,Sliema Wanderers,ok
2026-10-10,Montenegrin First League,Montenegro,football,1,71.69,🟡 Reliable,FK Otrant-Olympic,2,67.29,🟡 Reliable,FK Bokelj Kotor,3,65.72,🟡 Reliable,FK Budućnost Podgorica,ok
2026-10-10,Montenegrin Second League,Montenegro,football,1,75.81,🟡 Reliable,FK Podgorica,2,73.55,🟡 Reliable,FK Jedinstvo Bijelo Polje,3,59.67,🟠 Form-dependent,OFK Grbalj,ok
2026-10-10,Moçambola,Mozambique,football,1,89.76,🟢 Elite,Associação Black Bulls,2,77.87,🟡 Reliable,Costa do Sol,3,67.1,🟡 Reliable,Ferroviário da Beira,ok
2026-10-10,Malaysia Super League,Malaysia,football,1,94.46,🟢 Elite,Johor Darul Ta'zim,2,82.99,🟢 Elite,Kuching City,3,80.56,🟢 Elite,Selangor FC,ok
2026-10-10,Derde Divisie,Netherlands,football,1,81.66,🟢 Elite,Quick Boys,2,75.69,🟡 Reliable,De Treffers,3,70.6,🟡 Reliable,HSV Hoek,ok
2026-10-10,Eerste Divisie,Netherlands,football,1,82.89,🟡 Reliable,Heracles Almelo,2,81.43,🟢 Elite,Almere City,3,75.69,🟡 Reliable,VVV-Venlo,ok
2026-10-10,Eredivisie,Netherlands,football,1,89.59,🟢 Elite,AZ Alkmaar,2,89.07,🟢 Elite,Feyenoord Rotterdam,3,83.83,🟢 Elite,PSV Eindhoven,ok
2026-10-10,Nigeria Premier Football League,Nigeria,football,1,79.81,🟡 Reliable,Rangers International,2,75.06,🟡 Reliable,Rivers United FC,3,67.47,🟡 Reliable,Shooting Stars SC,ok
2026-10-10,Liga Primera de Nicaragua,Nicaragua,football,1,80.81,🟡 Reliable,Managua FC,2,79.73,🟡 Reliable,Diriangén FC,3,64.18,🟠 Form-dependent,UNAN Managua,ok
2026-10-10,NIFL Championship,Northern Ireland,football,1,79.27,🟡 Reliable,Annagh United,2,72.66,🟡 Reliable,Glenavon,3,72.45,🟡 Reliable,Queens University,ok
2026-10-10,NIFL Premiership,Northern Ireland,football,1,89.91,🟢 Elite,Larne FC,2,80.49,🟢 Elite,Linfield,3,79.78,🟡 Reliable,Coleraine FC,ok
2026-10-10,Norwegian First Division,Norway,football,1,82.78,🟢 Elite,Strømsgodset,2,77.42,🟡 Reliable,Haugesund,3,76.81,🟡 Reliable,Kongsvinger,ok
2026-10-10,Eliteserien,Norway,football,1,86.2,🟢 Elite,Viking FK,2,83.07,🟢 Elite,Bodo/Glimt,3,70.39,🟡 Reliable,Molde,ok
2026-10-10,New Zealand National League,New Zealand,football,1,93.7,🟢 Elite,Birkenhead United,2,78.45,🟡 Reliable,Auckland City,3,69.16,🟡 Reliable,Eastern Suburbs,ok
2026-10-10,División Intermedia,Paraguay,football,1,73.95,🟡 Reliable,Deportivo Santaní,2,67.95,🟡 Reliable,Paraguari AC,3,66.6,🟡 Reliable,Carapegua,ok
2026-10-10,Primera División,Paraguay,football,1,81.29,🟢 Elite,Club Olimpia,2,72.79,🟡 Reliable,Libertad,3,63.43,🟠 Form-dependent,2 de Mayo,ok
2026-10-10,Liga 1,Peru,football,1,79.41,🟡 Reliable,Sport Huancayo,2,76.03,🟡 Reliable,Deportivo Garcilaso,3,71.99,🟡 Reliable,Universitario,ok
2026-10-10,Liga 2,Peru,football,1,81.37,🟢 Elite,Unión Comercio,2,74.09,🟡 Reliable,Carlos A. Mannucci,3,68.06,🟡 Reliable,Deportivo Llacuabamba,ok
2026-10-10,I liga,Poland,football,1,71.68,🟡 Reliable,Pogoń Grodzisk Mazowiecki,2,64.91,🟠 Form-dependent,Bruk-Bet Termalica Nieciecza,3,64.4,🟠 Form-dependent,Miedź Legnica,ok
2026-10-10,Ekstraklasa,Poland,football,1,86.32,🟢 Elite,Lech Poznań,2,86.1,🟢 Elite,Górnik Zabrze,3,77.97,🟡 Reliable,Wisła Kraków,ok
2026-10-10,Primeira Liga,Portugal,football,1,97.85,🟢 Elite,FC Porto,2,81.86,🟢 Elite,Benfica,3,78.51,🟡 Reliable,Sporting CP,ok
2026-10-10,Liga Portugal 2,Portugal,football,1,88.58,🟢 Elite,Lusitânia Lourosa,2,76.7,🟡 Reliable,Penafiel,3,69.75,🟡 Reliable,Sporting CP B,ok
2026-10-10,Qatar Stars League,Qatar,football,1,80.36,🟢 Elite,Al Sadd,2,76.22,🟡 Reliable,Al-Shamal,3,67.58,🟡 Reliable,Al-Rayyan,ok
2026-10-10,Liga I,Romania,football,1,75.3,🟡 Reliable,Rapid București,2,75.19,🟡 Reliable,Dinamo București,3,73.12,🟡 Reliable,Universitatea Craiova,ok
2026-10-10,Liga II,Romania,football,1,90.53,🟢 Elite,Slatina,2,86.09,🟢 Elite,Reșița,3,79.61,🟡 Reliable,Politehnica Timișoara,ok
2026-10-10,Liga III,Romania,football,1,91.48,🟢 Elite,Vaslui,2,80.59,🟢 Elite,USV Iași,3,74.52,🟡 Reliable,Adjud,ok
2026-10-10,South African First Division,South Africa,football,1,82.35,🟢 Elite,Kruger United,2,72.59,🟡 Reliable,Cape Town City FC,3,71.32,🟡 Reliable,Casric Stars,ok
2026-10-10,Premier Soccer League,South Africa,football,1,93.07,🟢 Elite,Orlando Pirates,2,87.75,🟢 Elite,Mamelodi Sundowns,3,78.29,🟡 Reliable,AmaZulu,ok
2026-10-10,Russian First League,Russia,football,1,83.58,🟡 Reliable,Nizhny Novgorod,2,79.38,🟡 Reliable,Ural Yekaterinburg,3,69.59,🟡 Reliable,Sochi,ok
2026-10-10,Russian Premier League,Russia,football,1,82.08,🟢 Elite,Dinamo Moscow,2,77.4,🟡 Reliable,Krasnodar,3,75.26,🟡 Reliable,Spartak Moscow,ok
2026-10-10,Saudi Pro League,Saudi Arabia,football,1,85.76,🟢 Elite,Al Hilal,2,84.54,🟢 Elite,Al Qadsiah,3,82.39,🟢 Elite,Al Ittihad,ok
2026-10-10,Scottish Championship,Scotland,football,1,93.55,🟢 Elite,Stenhousemuir,2,69.1,🟡 Reliable,Raith Rovers,3,61.37,🟠 Form-dependent,Dunfermline Athletic,ok
2026-10-10,Scottish League One,Scotland,football,1,95.58,🟢 Elite,Ross County,2,91.82,🟢 Elite,Hamilton Academical,3,60.2,🟠 Form-dependent,Montrose,ok
2026-10-10,Scottish Premiership,Scotland,football,1,86.79,🟢 Elite,Celtic,2,85.1,🟢 Elite,Rangers,3,69.93,🟡 Reliable,Heart of Midlothian,ok
2026-10-10,Singapore Premier League,Singapore,football,1,81.77,🟢 Elite,Albirex Niigata FC,2,78.68,🟡 Reliable,Lion City Sailors FC,3,73.27,🟡 Reliable,BG Tampines Rovers FC,ok
2026-10-10,Salvadoran Primera División,El Salvador,football,1,78.7,🟡 Reliable,Isidro Metapán,2,78.2,🟡 Reliable,CD FAS,3,71.98,🟡 Reliable,Luis Ángel Firpo,ok
2026-10-10,Serbian First League,Serbia,football,1,79.58,🟡 Reliable,Borac 1926,2,75.52,🟡 Reliable,TSC,3,73.4,🟡 Reliable,Smederevo 1924,ok
2026-10-10,Serbian SuperLiga,Serbia,football,1,95.39,🟢 Elite,Red Star Belgrade,2,81.39,🟢 Elite,Vojvodina,3,77.05,🟡 Reliable,Radnički 1923,ok
2026-10-10,Swiss Challenge League,Switzerland,football,1,82.53,🟢 Elite,Lausanne Ouchy,2,75.2,🟡 Reliable,Winterthur,3,65.21,🟡 Reliable,Yverdon-Sport,ok
2026-10-10,Swiss Super League,Switzerland,football,1,96.25,🟢 Elite,Lugano,2,81.69,🟢 Elite,Young Boys,3,76.71,🟡 Reliable,Sion,ok
2026-10-10,Slovak First Football League,Slovakia,football,1,96.54,🟢 Elite,Slovan Bratislava,2,89.78,🟢 Elite,Spartak Trnava,3,89.31,🟢 Elite,DAC Dunajská Streda,ok
2026-10-10,Slovak Second Football League,Slovakia,football,1,93.57,🟢 Elite,Petržalka,2,92.43,🟢 Elite,Šamorín,3,69.94,🟡 Reliable,Žilina B,ok
2026-10-10,Slovenian PrvaLiga,Slovenia,football,1,75.93,🟡 Reliable,Bravo,2,72.32,🟡 Reliable,Maribor,3,69.28,🟡 Reliable,Koper,ok
2026-10-10,Allsvenskan,Sweden,football,1,77.69,🟡 Reliable,IK Sirius,2,74.98,🟡 Reliable,Djurgården,3,74.13,🟡 Reliable,Hammarby IF,ok
2026-10-10,Superettan,Sweden,football,1,82.21,🟢 Elite,IFK Norrköping,2,68.32,🟡 Reliable,Östersunds FK,3,61.79,🟠 Form-dependent,Falkenbergs FF,ok
2026-10-10,Thai League 1,Thailand,football,1,81.25,🟢 Elite,Port FC,2,76.32,🟡 Reliable,Ratchaburi FC,3,73.87,🟡 Reliable,Buriram United,ok
2026-10-10,Thai League 2,Thailand,football,1,90.13,🟢 Elite,Khonkaen United,2,75.13,🟡 Reliable,Uttaradit,3,68.08,🟡 Reliable,Muang Loei United,ok
2026-10-10,Tunisian Ligue Professionnelle 1,Tunisia,football,,,⚪ DATA-LOW,DATA-LOW,2,86.49,🟢 Elite,Espérance de Tunis,3,71.97,🟡 Reliable,PS Sakiet Eddaïer,ok
2026-10-10,1. Lig,Turkey,football,1,81.61,🟢 Elite,Bursaspor,2,79.59,🟡 Reliable,Kayserispor,3,76.43,🟡 Reliable,Iğdır,ok
2026-10-10,Süper Lig,Turkey,football,1,80.99,🟢 Elite,Galatasaray,2,75.77,🟡 Reliable,Amed SFK,3,74.06,🟡 Reliable,Kocaelispor,ok
2026-10-10,Tanzanian Premier League,Tanzania,football,1,97.95,🟢 Elite,Young Africans SC,2,95.0,🟢 Elite,Simba SC,3,66.86,🟡 Reliable,Azam FC,ok
2026-10-10,UAE Pro League,United Arab Emirates,football,1,93.01,🟢 Elite,Al Ain,2,82.94,🟢 Elite,Shabab Al Ahli,3,60.27,🟠 Form-dependent,Al Jazira,ok
2026-10-10,Ukrainian First League,Ukraine,football,1,70.46,🟡 Reliable,Viktoriya Sumy,2,68.14,🟡 Reliable,Poltava,3,67.12,🟡 Reliable,Oleksandriya,ok
2026-10-10,Ukrainian Premier League,Ukraine,football,1,87.42,🟢 Elite,Shakhtar Donetsk,2,85.33,🟢 Elite,Polissya Zhytomyr,3,77.48,🟡 Reliable,Dynamo Kyiv,ok
2026-10-10,Primera División,Uruguay,football,1,80.42,🟢 Elite,Peñarol,2,73.47,🟡 Reliable,Liverpool,3,71.81,🟡 Reliable,Montevideo City Torque,ok
2026-10-10,Segunda División Profesional,Uruguay,football,1,75.22,🟡 Reliable,Plaza Colonia,2,69.12,🟡 Reliable,Oriental de La Paz,3,68.65,🟡 Reliable,Rentistas,ok
2026-10-10,Major League Soccer,United States,football,1,75.76,🟡 Reliable,St. Louis CITY SC,2,74.95,🟡 Reliable,Nashville SC,3,74.52,🟡 Reliable,FC Dallas,ok
2026-10-10,USL Championship,United States,football,1,70.76,🟡 Reliable,Detroit City FC,2,69.92,🟡 Reliable,Lexington,3,69.59,🟡 Reliable,El Paso Locomotive FC,ok
2026-10-10,USL League One,United States,football,1,80.04,🟢 Elite,Union Omaha,2,76.22,🟡 Reliable,Charlotte Independence,3,65.73,🟡 Reliable,Spokane Velocity FC,ok
2026-10-10,Uzbekistan Pro League,Uzbekistan,football,1,90.73,🟢 Elite,Aral Nukus,2,81.26,🟢 Elite,Shurtan,3,76.96,🟡 Reliable,Lochin,ok
2026-10-10,Uzbekistan Super League,Uzbekistan,football,1,87.14,🟢 Elite,Neftchi,2,72.69,🟡 Reliable,Pakhtakor,3,70.14,🟡 Reliable,Navbahor,ok
2026-10-10,Liga FUTVE,Venezuela,football,1,91.9,🟢 Elite,Metropolitanos,2,74.64,🟡 Reliable,Deportivo Táchira,3,65.05,🟡 Reliable,Carabobo,ok
2026-10-10,Segunda División,Venezuela,football,1,89.5,🟢 Elite,Deportivo Lara,2,72.97,🟡 Reliable,Barquisimeto SC,3,62.57,🟠 Form-dependent,Ureña SC,ok
2026-10-10,V.League 1,Vietnam,football,,,⚪ DATA-LOW,DATA-LOW,,,⚪ DATA-LOW,DATA-LOW,,,⚪ DATA-LOW,DATA-LOW,DATA-LOW
2026-10-10,Cymru Premier,Wales,football,1,92.41,🟢 Elite,The New Saints,2,84.4,🟢 Elite,Penybont FC,3,71.07,🟡 Reliable,Caernarfon,ok
2026-10-10,Zimbabwe Premier Soccer League,Zimbabwe,football,1,83.55,🟢 Elite,Scottland,2,79.29,🟡 Reliable,Hardrock,3,71.71,🟡 Reliable,Ngezi Platinum Stars,ok
